path	@id	schema
/_anyOf/0/_anyOf/0/type	@type	https://opengeospatial.github.io/bblocks/annotated-schemas/geo/json-fg/feature/schema.yaml
/_anyOf/0/_anyOf/0/id	@id	https://opengeospatial.github.io/bblocks/annotated-schemas/geo/json-fg/feature/schema.yaml
/_anyOf/0/_anyOf/0/properties	@nest	https://opengeospatial.github.io/bblocks/annotated-schemas/geo/json-fg/feature/schema.yaml
/_anyOf/0/_anyOf/0/geometry	https://purl.org/geojson/vocab#geometry	https://opengeospatial.github.io/bblocks/annotated-schemas/geo/json-fg/feature/schema.yaml
/_anyOf/0/_anyOf/0/geometry/_oneOf/1/type	@type	https://opengeospatial.github.io/bblocks/annotated-schemas/geo/common/data_types/geojson/schema.yaml
/_anyOf/0/_anyOf/0/geometry/_oneOf/1/coordinates	https://purl.org/geojson/vocab#coordinates	https://opengeospatial.github.io/bblocks/annotated-schemas/geo/common/data_types/geojson/schema.yaml
/_anyOf/0/_anyOf/0/geometry/_oneOf/1/bbox	https://purl.org/geojson/vocab#bbox	https://opengeospatial.github.io/bblocks/annotated-schemas/geo/common/data_types/geojson/schema.yaml
/_anyOf/0/_anyOf/0/geometry/_oneOf/2/type	@type	https://opengeospatial.github.io/bblocks/annotated-schemas/geo/common/data_types/geojson/schema.yaml
/_anyOf/0/_anyOf/0/geometry/_oneOf/2/coordinates	https://purl.org/geojson/vocab#coordinates	https://opengeospatial.github.io/bblocks/annotated-schemas/geo/common/data_types/geojson/schema.yaml
/_anyOf/0/_anyOf/0/geometry/_oneOf/2/bbox	https://purl.org/geojson/vocab#bbox	https://opengeospatial.github.io/bblocks/annotated-schemas/geo/common/data_types/geojson/schema.yaml
/_anyOf/0/_anyOf/0/geometry/_oneOf/3/type	@type	https://opengeospatial.github.io/bblocks/annotated-schemas/geo/common/data_types/geojson/schema.yaml
/_anyOf/0/_anyOf/0/geometry/_oneOf/3/coordinates	https://purl.org/geojson/vocab#coordinates	https://opengeospatial.github.io/bblocks/annotated-schemas/geo/common/data_types/geojson/schema.yaml
/_anyOf/0/_anyOf/0/geometry/_oneOf/3/bbox	https://purl.org/geojson/vocab#bbox	https://opengeospatial.github.io/bblocks/annotated-schemas/geo/common/data_types/geojson/schema.yaml
/_anyOf/0/_anyOf/0/geometry/_oneOf/4/type	@type	https://opengeospatial.github.io/bblocks/annotated-schemas/geo/common/data_types/geojson/schema.yaml
/_anyOf/0/_anyOf/0/geometry/_oneOf/4/coordinates	https://purl.org/geojson/vocab#coordinates	https://opengeospatial.github.io/bblocks/annotated-schemas/geo/common/data_types/geojson/schema.yaml
/_anyOf/0/_anyOf/0/geometry/_oneOf/4/bbox	https://purl.org/geojson/vocab#bbox	https://opengeospatial.github.io/bblocks/annotated-schemas/geo/common/data_types/geojson/schema.yaml
/_anyOf/0/_anyOf/0/geometry/_oneOf/5/type	@type	https://opengeospatial.github.io/bblocks/annotated-schemas/geo/common/data_types/geojson/schema.yaml
/_anyOf/0/_anyOf/0/geometry/_oneOf/5/coordinates	https://purl.org/geojson/vocab#coordinates	https://opengeospatial.github.io/bblocks/annotated-schemas/geo/common/data_types/geojson/schema.yaml
/_anyOf/0/_anyOf/0/geometry/_oneOf/5/bbox	https://purl.org/geojson/vocab#bbox	https://opengeospatial.github.io/bblocks/annotated-schemas/geo/common/data_types/geojson/schema.yaml
/_anyOf/0/_anyOf/0/geometry/_oneOf/6/type	@type	https://opengeospatial.github.io/bblocks/annotated-schemas/geo/common/data_types/geojson/schema.yaml
/_anyOf/0/_anyOf/0/geometry/_oneOf/6/coordinates	https://purl.org/geojson/vocab#coordinates	https://opengeospatial.github.io/bblocks/annotated-schemas/geo/common/data_types/geojson/schema.yaml
/_anyOf/0/_anyOf/0/geometry/_oneOf/6/bbox	https://purl.org/geojson/vocab#bbox	https://opengeospatial.github.io/bblocks/annotated-schemas/geo/common/data_types/geojson/schema.yaml
/_anyOf/0/_anyOf/0/geometry/_oneOf/7/type	@type	https://opengeospatial.github.io/bblocks/annotated-schemas/geo/common/data_types/geojson/schema.yaml
/_anyOf/0/_anyOf/0/geometry/_oneOf/7/geometries		https://opengeospatial.github.io/bblocks/annotated-schemas/geo/common/data_types/geojson/schema.yaml
/_anyOf/0/_anyOf/0/geometry/_oneOf/7/geometries/_oneOf/0/type	@type	https://opengeospatial.github.io/bblocks/annotated-schemas/geo/common/data_types/geojson/schema.yaml
/_anyOf/0/_anyOf/0/geometry/_oneOf/7/geometries/_oneOf/0/coordinates	https://purl.org/geojson/vocab#coordinates	https://opengeospatial.github.io/bblocks/annotated-schemas/geo/common/data_types/geojson/schema.yaml
/_anyOf/0/_anyOf/0/geometry/_oneOf/7/geometries/_oneOf/0/bbox	https://purl.org/geojson/vocab#bbox	https://opengeospatial.github.io/bblocks/annotated-schemas/geo/common/data_types/geojson/schema.yaml
/_anyOf/0/_anyOf/0/geometry/_oneOf/7/geometries/_oneOf/1/type	@type	https://opengeospatial.github.io/bblocks/annotated-schemas/geo/common/data_types/geojson/schema.yaml
/_anyOf/0/_anyOf/0/geometry/_oneOf/7/geometries/_oneOf/1/coordinates	https://purl.org/geojson/vocab#coordinates	https://opengeospatial.github.io/bblocks/annotated-schemas/geo/common/data_types/geojson/schema.yaml
/_anyOf/0/_anyOf/0/geometry/_oneOf/7/geometries/_oneOf/1/bbox	https://purl.org/geojson/vocab#bbox	https://opengeospatial.github.io/bblocks/annotated-schemas/geo/common/data_types/geojson/schema.yaml
/_anyOf/0/_anyOf/0/geometry/_oneOf/7/geometries/_oneOf/2/type	@type	https://opengeospatial.github.io/bblocks/annotated-schemas/geo/common/data_types/geojson/schema.yaml
/_anyOf/0/_anyOf/0/geometry/_oneOf/7/geometries/_oneOf/2/coordinates	https://purl.org/geojson/vocab#coordinates	https://opengeospatial.github.io/bblocks/annotated-schemas/geo/common/data_types/geojson/schema.yaml
/_anyOf/0/_anyOf/0/geometry/_oneOf/7/geometries/_oneOf/2/bbox	https://purl.org/geojson/vocab#bbox	https://opengeospatial.github.io/bblocks/annotated-schemas/geo/common/data_types/geojson/schema.yaml
/_anyOf/0/_anyOf/0/geometry/_oneOf/7/geometries/_oneOf/3/type	@type	https://opengeospatial.github.io/bblocks/annotated-schemas/geo/common/data_types/geojson/schema.yaml
/_anyOf/0/_anyOf/0/geometry/_oneOf/7/geometries/_oneOf/3/coordinates	https://purl.org/geojson/vocab#coordinates	https://opengeospatial.github.io/bblocks/annotated-schemas/geo/common/data_types/geojson/schema.yaml
/_anyOf/0/_anyOf/0/geometry/_oneOf/7/geometries/_oneOf/3/bbox	https://purl.org/geojson/vocab#bbox	https://opengeospatial.github.io/bblocks/annotated-schemas/geo/common/data_types/geojson/schema.yaml
/_anyOf/0/_anyOf/0/geometry/_oneOf/7/geometries/_oneOf/4/type	@type	https://opengeospatial.github.io/bblocks/annotated-schemas/geo/common/data_types/geojson/schema.yaml
/_anyOf/0/_anyOf/0/geometry/_oneOf/7/geometries/_oneOf/4/coordinates	https://purl.org/geojson/vocab#coordinates	https://opengeospatial.github.io/bblocks/annotated-schemas/geo/common/data_types/geojson/schema.yaml
/_anyOf/0/_anyOf/0/geometry/_oneOf/7/geometries/_oneOf/4/bbox	https://purl.org/geojson/vocab#bbox	https://opengeospatial.github.io/bblocks/annotated-schemas/geo/common/data_types/geojson/schema.yaml
/_anyOf/0/_anyOf/0/geometry/_oneOf/7/geometries/_oneOf/5/type	@type	https://opengeospatial.github.io/bblocks/annotated-schemas/geo/common/data_types/geojson/schema.yaml
/_anyOf/0/_anyOf/0/geometry/_oneOf/7/geometries/_oneOf/5/coordinates	https://purl.org/geojson/vocab#coordinates	https://opengeospatial.github.io/bblocks/annotated-schemas/geo/common/data_types/geojson/schema.yaml
/_anyOf/0/_anyOf/0/geometry/_oneOf/7/geometries/_oneOf/5/bbox	https://purl.org/geojson/vocab#bbox	https://opengeospatial.github.io/bblocks/annotated-schemas/geo/common/data_types/geojson/schema.yaml
/_anyOf/0/_anyOf/0/geometry/_oneOf/7/bbox	https://purl.org/geojson/vocab#bbox	https://opengeospatial.github.io/bblocks/annotated-schemas/geo/common/data_types/geojson/schema.yaml
/_anyOf/0/_anyOf/0/bbox	https://purl.org/geojson/vocab#bbox	https://opengeospatial.github.io/bblocks/annotated-schemas/geo/common/data_types/geojson/schema.yaml
/_anyOf/0/_anyOf/0/links	http://www.w3.org/2000/01/rdf-schema#seeAlso	https://opengeospatial.github.io/bblocks/annotated-schemas/geo/json-fg/feature/schema.yaml
/_anyOf/0/_anyOf/0/links/href	http://www.w3.org/ns/oa#hasTarget	https://opengeospatial.github.io/bblocks/annotated-schemas/ogc-utils/json-link/schema.yaml
/_anyOf/0/_anyOf/0/links/rel	http://www.iana.org/assignments/relation	https://opengeospatial.github.io/bblocks/annotated-schemas/ogc-utils/json-link/schema.yaml
/_anyOf/0/_anyOf/0/links/anchor		https://opengeospatial.github.io/bblocks/annotated-schemas/ogc-utils/json-link/schema.yaml
/_anyOf/0/_anyOf/0/links/type	http://purl.org/dc/terms/type	https://opengeospatial.github.io/bblocks/annotated-schemas/ogc-utils/json-link/schema.yaml
/_anyOf/0/_anyOf/0/links/hreflang	http://purl.org/dc/terms/language	https://opengeospatial.github.io/bblocks/annotated-schemas/ogc-utils/json-link/schema.yaml
/_anyOf/0/_anyOf/0/links/title	http://www.w3.org/2000/01/rdf-schema#label	https://opengeospatial.github.io/bblocks/annotated-schemas/ogc-utils/json-link/schema.yaml
/_anyOf/0/_anyOf/0/links/length	http://purl.org/dc/terms/extent	https://opengeospatial.github.io/bblocks/annotated-schemas/ogc-utils/json-link/schema.yaml
/_anyOf/0/_anyOf/0/featureType	@type	https://opengeospatial.github.io/bblocks/annotated-schemas/geo/json-fg/feature/schema.yaml
/_anyOf/0/_anyOf/0/time	http://purl.org/dc/terms/time	https://opengeospatial.github.io/bblocks/annotated-schemas/geo/json-fg/feature/schema.yaml
/_anyOf/0/_anyOf/0/time/_oneOf/1/date	http://www.w3.org/2006/time#hasTime	https://opengeospatial.github.io/bblocks/annotated-schemas/geo/json-fg/time/schema.yaml
/_anyOf/0/_anyOf/0/time/_oneOf/1/timestamp	http://www.w3.org/2006/time#hasTime	https://opengeospatial.github.io/bblocks/annotated-schemas/geo/json-fg/time/schema.yaml
/_anyOf/0/_anyOf/0/time/_oneOf/1/interval	http://www.w3.org/2006/time#hasTime	https://opengeospatial.github.io/bblocks/annotated-schemas/geo/json-fg/time/schema.yaml
/_anyOf/0/_anyOf/0/coordRefSys	http://www.opengis.net/def/glossary/term/CoordinateReferenceSystemCRS	https://opengeospatial.github.io/bblocks/annotated-schemas/geo/json-fg/feature/schema.yaml
/_anyOf/0/_anyOf/0/coordRefSys/_oneOf/0/_oneOf/1/type		https://beta.schemas.opengis.net/json-fg/coordrefsys.json
/_anyOf/0/_anyOf/0/coordRefSys/_oneOf/0/_oneOf/1/href		https://beta.schemas.opengis.net/json-fg/coordrefsys.json
/_anyOf/0/_anyOf/0/coordRefSys/_oneOf/0/_oneOf/1/epoch		https://beta.schemas.opengis.net/json-fg/coordrefsys.json
/_anyOf/0/_anyOf/0/coordRefSys/_oneOf/0/_oneOf/2/type		https://beta.schemas.opengis.net/json-fg/coordrefsys.json
/_anyOf/0/_anyOf/0/place	http://purl.org/dc/terms/spatial	https://opengeospatial.github.io/bblocks/annotated-schemas/geo/json-fg/feature/schema.yaml
/_anyOf/0/_anyOf/0/place/_oneOf/1/type		https://beta.schemas.opengis.net/json-fg/geometry-object.json
/_anyOf/0/_anyOf/0/place/_oneOf/1/coordRefSys		https://beta.schemas.opengis.net/json-fg/geometry-object.json
/_anyOf/0/_anyOf/0/place/_oneOf/1/measures		https://beta.schemas.opengis.net/json-fg/geometry-object.json
/_anyOf/0/_anyOf/0/place/_oneOf/1/measures/enabled		https://beta.schemas.opengis.net/json-fg/measures.json
/_anyOf/0/_anyOf/0/place/_oneOf/1/measures/unit		https://beta.schemas.opengis.net/json-fg/measures.json
/_anyOf/0/_anyOf/0/place/_oneOf/1/measures/description		https://beta.schemas.opengis.net/json-fg/measures.json
/_anyOf/0/_anyOf/0/place/_oneOf/1/coordinates		https://beta.schemas.opengis.net/json-fg/geometry-object.json
/_anyOf/0/_anyOf/0/place/_oneOf/1/bbox		https://beta.schemas.opengis.net/json-fg/geometry-object.json
/_anyOf/0/_anyOf/0/place/_oneOf/2/type		https://beta.schemas.opengis.net/json-fg/geometry-object.json
/_anyOf/0/_anyOf/0/place/_oneOf/2/coordRefSys		https://beta.schemas.opengis.net/json-fg/geometry-object.json
/_anyOf/0/_anyOf/0/place/_oneOf/2/measures		https://beta.schemas.opengis.net/json-fg/geometry-object.json
/_anyOf/0/_anyOf/0/place/_oneOf/2/coordinates		https://beta.schemas.opengis.net/json-fg/geometry-object.json
/_anyOf/0/_anyOf/0/place/_oneOf/2/bbox		https://beta.schemas.opengis.net/json-fg/geometry-object.json
/_anyOf/0/_anyOf/0/place/_oneOf/3/type		https://beta.schemas.opengis.net/json-fg/geometry-object.json
/_anyOf/0/_anyOf/0/place/_oneOf/3/coordRefSys		https://beta.schemas.opengis.net/json-fg/geometry-object.json
/_anyOf/0/_anyOf/0/place/_oneOf/3/measures		https://beta.schemas.opengis.net/json-fg/geometry-object.json
/_anyOf/0/_anyOf/0/place/_oneOf/3/coordinates		https://beta.schemas.opengis.net/json-fg/geometry-object.json
/_anyOf/0/_anyOf/0/place/_oneOf/3/bbox		https://beta.schemas.opengis.net/json-fg/geometry-object.json
/_anyOf/0/_anyOf/0/place/_oneOf/4/type		https://beta.schemas.opengis.net/json-fg/geometry-object.json
/_anyOf/0/_anyOf/0/place/_oneOf/4/coordRefSys		https://beta.schemas.opengis.net/json-fg/geometry-object.json
/_anyOf/0/_anyOf/0/place/_oneOf/4/measures		https://beta.schemas.opengis.net/json-fg/geometry-object.json
/_anyOf/0/_anyOf/0/place/_oneOf/4/coordinates		https://beta.schemas.opengis.net/json-fg/geometry-object.json
/_anyOf/0/_anyOf/0/place/_oneOf/4/bbox		https://beta.schemas.opengis.net/json-fg/geometry-object.json
/_anyOf/0/_anyOf/0/place/_oneOf/5/type		https://beta.schemas.opengis.net/json-fg/geometry-object.json
/_anyOf/0/_anyOf/0/place/_oneOf/5/coordRefSys		https://beta.schemas.opengis.net/json-fg/geometry-object.json
/_anyOf/0/_anyOf/0/place/_oneOf/5/measures		https://beta.schemas.opengis.net/json-fg/geometry-object.json
/_anyOf/0/_anyOf/0/place/_oneOf/5/coordinates		https://beta.schemas.opengis.net/json-fg/geometry-object.json
/_anyOf/0/_anyOf/0/place/_oneOf/5/bbox		https://beta.schemas.opengis.net/json-fg/geometry-object.json
/_anyOf/0/_anyOf/0/place/_oneOf/6/type		https://beta.schemas.opengis.net/json-fg/geometry-object.json
/_anyOf/0/_anyOf/0/place/_oneOf/6/coordRefSys		https://beta.schemas.opengis.net/json-fg/geometry-object.json
/_anyOf/0/_anyOf/0/place/_oneOf/6/measures		https://beta.schemas.opengis.net/json-fg/geometry-object.json
/_anyOf/0/_anyOf/0/place/_oneOf/6/coordinates		https://beta.schemas.opengis.net/json-fg/geometry-object.json
/_anyOf/0/_anyOf/0/place/_oneOf/6/bbox		https://beta.schemas.opengis.net/json-fg/geometry-object.json
/_anyOf/0/_anyOf/0/place/_oneOf/7/type		https://beta.schemas.opengis.net/json-fg/geometry-object.json
/_anyOf/0/_anyOf/0/place/_oneOf/7/coordRefSys		https://beta.schemas.opengis.net/json-fg/geometry-object.json
/_anyOf/0/_anyOf/0/place/_oneOf/7/measures		https://beta.schemas.opengis.net/json-fg/geometry-object.json
/_anyOf/0/_anyOf/0/place/_oneOf/7/geometries		https://beta.schemas.opengis.net/json-fg/geometry-object.json
/_anyOf/0/_anyOf/0/place/_oneOf/7/bbox		https://beta.schemas.opengis.net/json-fg/geometry-object.json
/_anyOf/0/_anyOf/0/place/_oneOf/8/type		https://beta.schemas.opengis.net/json-fg/geometry-object.json
/_anyOf/0/_anyOf/0/place/_oneOf/8/coordRefSys		https://beta.schemas.opengis.net/json-fg/geometry-object.json
/_anyOf/0/_anyOf/0/place/_oneOf/8/measures		https://beta.schemas.opengis.net/json-fg/geometry-object.json
/_anyOf/0/_anyOf/0/place/_oneOf/8/coordinates		https://beta.schemas.opengis.net/json-fg/geometry-object.json
/_anyOf/0/_anyOf/0/place/_oneOf/8/bbox		https://beta.schemas.opengis.net/json-fg/geometry-object.json
/_anyOf/0/_anyOf/0/place/_oneOf/9/type		https://beta.schemas.opengis.net/json-fg/geometry-object.json
/_anyOf/0/_anyOf/0/place/_oneOf/9/coordRefSys		https://beta.schemas.opengis.net/json-fg/geometry-object.json
/_anyOf/0/_anyOf/0/place/_oneOf/9/measures		https://beta.schemas.opengis.net/json-fg/geometry-object.json
/_anyOf/0/_anyOf/0/place/_oneOf/9/coordinates		https://beta.schemas.opengis.net/json-fg/geometry-object.json
/_anyOf/0/_anyOf/0/place/_oneOf/9/bbox		https://beta.schemas.opengis.net/json-fg/geometry-object.json
/_anyOf/0/_anyOf/0/place/_oneOf/10/type		https://beta.schemas.opengis.net/json-fg/geometry-object.json
/_anyOf/0/_anyOf/0/place/_oneOf/10/coordRefSys		https://beta.schemas.opengis.net/json-fg/geometry-object.json
/_anyOf/0/_anyOf/0/place/_oneOf/10/measures		https://beta.schemas.opengis.net/json-fg/geometry-object.json
/_anyOf/0/_anyOf/0/place/_oneOf/10/base		https://beta.schemas.opengis.net/json-fg/geometry-object.json
/_anyOf/0/_anyOf/0/place/_oneOf/10/lower		https://beta.schemas.opengis.net/json-fg/geometry-object.json
/_anyOf/0/_anyOf/0/place/_oneOf/10/upper		https://beta.schemas.opengis.net/json-fg/geometry-object.json
/_anyOf/0/_anyOf/0/place/_oneOf/10/bbox		https://beta.schemas.opengis.net/json-fg/geometry-object.json
/_anyOf/0/_anyOf/0/place/_oneOf/11/type		https://beta.schemas.opengis.net/json-fg/geometry-object.json
/_anyOf/0/_anyOf/0/place/_oneOf/11/coordRefSys		https://beta.schemas.opengis.net/json-fg/geometry-object.json
/_anyOf/0/_anyOf/0/place/_oneOf/11/measures		https://beta.schemas.opengis.net/json-fg/geometry-object.json
/_anyOf/0/_anyOf/0/place/_oneOf/11/prisms		https://beta.schemas.opengis.net/json-fg/geometry-object.json
/_anyOf/0/_anyOf/0/place/_oneOf/11/bbox		https://beta.schemas.opengis.net/json-fg/geometry-object.json
/_anyOf/0/_anyOf/0/place/_oneOf/12/type		https://beta.schemas.opengis.net/json-fg/geometry-object.json
/_anyOf/0/_anyOf/0/place/_oneOf/12/coordRefSys		https://beta.schemas.opengis.net/json-fg/geometry-object.json
/_anyOf/0/_anyOf/0/place/_oneOf/12/measures		https://beta.schemas.opengis.net/json-fg/geometry-object.json
/_anyOf/0/_anyOf/0/place/_oneOf/12/coordinates		https://beta.schemas.opengis.net/json-fg/geometry-object.json
/_anyOf/0/_anyOf/0/place/_oneOf/12/bbox		https://beta.schemas.opengis.net/json-fg/geometry-object.json
/_anyOf/0/_anyOf/0/place/_oneOf/13/type		https://beta.schemas.opengis.net/json-fg/geometry-object.json
/_anyOf/0/_anyOf/0/place/_oneOf/13/coordRefSys		https://beta.schemas.opengis.net/json-fg/geometry-object.json
/_anyOf/0/_anyOf/0/place/_oneOf/13/measures		https://beta.schemas.opengis.net/json-fg/geometry-object.json
/_anyOf/0/_anyOf/0/place/_oneOf/13/geometries		https://beta.schemas.opengis.net/json-fg/geometry-object.json
/_anyOf/0/_anyOf/0/place/_oneOf/13/geometries/_oneOf/2/type		https://beta.schemas.opengis.net/json-fg/geometry-object.json
/_anyOf/0/_anyOf/0/place/_oneOf/13/bbox		https://beta.schemas.opengis.net/json-fg/geometry-object.json
/_anyOf/0/_anyOf/0/place/_oneOf/14/type		https://beta.schemas.opengis.net/json-fg/geometry-object.json
/_anyOf/0/_anyOf/0/place/_oneOf/14/coordRefSys		https://beta.schemas.opengis.net/json-fg/geometry-object.json
/_anyOf/0/_anyOf/0/place/_oneOf/14/measures		https://beta.schemas.opengis.net/json-fg/geometry-object.json
/_anyOf/0/_anyOf/0/place/_oneOf/14/geometries		https://beta.schemas.opengis.net/json-fg/geometry-object.json
/_anyOf/0/_anyOf/0/place/_oneOf/14/bbox		https://beta.schemas.opengis.net/json-fg/geometry-object.json
/_anyOf/0/_anyOf/0/place/_oneOf/15/type		https://beta.schemas.opengis.net/json-fg/geometry-object.json
/_anyOf/0/_anyOf/0/place/_oneOf/15/coordRefSys		https://beta.schemas.opengis.net/json-fg/geometry-object.json
/_anyOf/0/_anyOf/0/place/_oneOf/15/measures		https://beta.schemas.opengis.net/json-fg/geometry-object.json
/_anyOf/0/_anyOf/0/place/_oneOf/15/geometries		https://beta.schemas.opengis.net/json-fg/geometry-object.json
/_anyOf/0/_anyOf/0/place/_oneOf/15/bbox		https://beta.schemas.opengis.net/json-fg/geometry-object.json
/_anyOf/0/_anyOf/0/place/_oneOf/16/type		https://beta.schemas.opengis.net/json-fg/geometry-object.json
/_anyOf/0/_anyOf/0/place/_oneOf/16/coordRefSys		https://beta.schemas.opengis.net/json-fg/geometry-object.json
/_anyOf/0/_anyOf/0/place/_oneOf/16/measures		https://beta.schemas.opengis.net/json-fg/geometry-object.json
/_anyOf/0/_anyOf/0/place/_oneOf/16/geometries		https://beta.schemas.opengis.net/json-fg/geometry-object.json
/_anyOf/0/_anyOf/0/place/_oneOf/16/geometries/_oneOf/2/type		https://beta.schemas.opengis.net/json-fg/geometry-object.json
/_anyOf/0/_anyOf/0/place/_oneOf/16/bbox		https://beta.schemas.opengis.net/json-fg/geometry-object.json
/_anyOf/0/_anyOf/0/place/_oneOf/17/type		https://beta.schemas.opengis.net/json-fg/geometry-object.json
/_anyOf/0/_anyOf/1/type	@type	https://opengeospatial.github.io/bblocks/annotated-schemas/geo/json-fg/feature-lenient/schema.yaml
/_anyOf/0/_anyOf/1/id	@id	https://opengeospatial.github.io/bblocks/annotated-schemas/geo/json-fg/feature-lenient/schema.yaml
/_anyOf/0/_anyOf/1/featureType	@type	https://opengeospatial.github.io/bblocks/annotated-schemas/geo/json-fg/feature-lenient/schema.yaml
/_anyOf/0/_anyOf/1/links	http://www.w3.org/2000/01/rdf-schema#seeAlso	https://opengeospatial.github.io/bblocks/annotated-schemas/geo/json-fg/feature-lenient/schema.yaml
/_anyOf/0/_anyOf/1/time	http://purl.org/dc/terms/time	https://opengeospatial.github.io/bblocks/annotated-schemas/geo/json-fg/feature-lenient/schema.yaml
/_anyOf/0/_anyOf/1/coordRefSys	http://www.opengis.net/def/glossary/term/CoordinateReferenceSystemCRS	https://opengeospatial.github.io/bblocks/annotated-schemas/geo/json-fg/feature-lenient/schema.yaml
/_anyOf/0/_anyOf/1/place	http://purl.org/dc/terms/spatial	https://opengeospatial.github.io/bblocks/annotated-schemas/geo/json-fg/feature-lenient/schema.yaml
/_anyOf/0/_anyOf/1/geometry	https://purl.org/geojson/vocab#geometry	https://opengeospatial.github.io/bblocks/annotated-schemas/geo/json-fg/feature-lenient/schema.yaml
/_anyOf/0/_anyOf/1/properties	@nest	https://opengeospatial.github.io/bblocks/annotated-schemas/geo/json-fg/feature-lenient/schema.yaml
/_anyOf/0/id		https://surroundaustralia.github.io/topo-feature/build/annotated/geo/topo/features/topo-feature/schema.yaml
/_anyOf/0/geometry		https://surroundaustralia.github.io/topo-feature/build/annotated/geo/topo/features/topo-feature/schema.yaml
/_anyOf/0/geometry/_oneOf/1/type		https://surroundaustralia.github.io/topo-feature/build/annotated/geo/topo/features/topo-feature/schema.yaml
/_anyOf/0/topology	https://purl.org/geojson/vocab#topology	https://surroundaustralia.github.io/topo-feature/build/annotated/geo/topo/features/topo-feature/schema.yaml
/_anyOf/0/topology/_oneOf/0/type	@type	https://surroundaustralia.github.io/topo-feature/build/annotated/geo/topo/datatypes/topology/schema.yaml
/_anyOf/0/topology/_oneOf/0/references	https://purl.org/geojson/topo#relatedFeatures	https://surroundaustralia.github.io/topo-feature/build/annotated/geo/topo/datatypes/topology/schema.yaml
/_anyOf/0/topology/_oneOf/1/type	@type	https://surroundaustralia.github.io/topo-feature/build/annotated/geo/topo/datatypes/topology/schema.yaml
/_anyOf/0/topology/_oneOf/1/references	https://purl.org/geojson/topo#relatedFeatures	https://surroundaustralia.github.io/topo-feature/build/annotated/geo/topo/datatypes/topology/schema.yaml
/_anyOf/0/topology/_oneOf/2/type	@type	https://surroundaustralia.github.io/topo-feature/build/annotated/geo/topo/datatypes/topology/schema.yaml
/_anyOf/0/topology/_oneOf/2/directed_references	https://purl.org/geojson/topo#directedReferences	https://surroundaustralia.github.io/topo-feature/build/annotated/geo/topo/datatypes/topology/schema.yaml
/_anyOf/0/topology/_oneOf/2/directed_references/ref	https://purl.org/geojson/topo#ref	https://surroundaustralia.github.io/topo-feature/build/annotated/geo/topo/datatypes/oriented-ref/schema.yaml
/_anyOf/0/topology/_oneOf/2/directed_references/orientation	https://purl.org/geojson/topo#orientation	https://surroundaustralia.github.io/topo-feature/build/annotated/geo/topo/datatypes/oriented-ref/schema.yaml
/_anyOf/0/topology/type	@type	https://surroundaustralia.github.io/topo-feature/build/annotated/geo/topo/datatypes/topology/schema.yaml
/_anyOf/0/topology/relationships	https://purl.org/geojson/topo#relatedFeatures	https://surroundaustralia.github.io/topo-feature/build/annotated/geo/topo/datatypes/topology/schema.yaml
/_anyOf/0/topology/relationships/role	http://www.w3.org/ns/dx/prof/hasRole	https://opengeospatial.github.io/bblocks/annotated-schemas/geo/json-fg/link-role/schema.yaml
/_anyOf/0/topology/relationships/conformsTo	http://purl.org/dc/terms/conformsTo	https://opengeospatial.github.io/bblocks/annotated-schemas/geo/json-fg/link-role/schema.yaml
/_anyOf/0/topology/relationships/rel		https://surroundaustralia.github.io/topo-feature/build/annotated/geo/topo/datatypes/topology/schema.yaml
/_anyOf/1/type		https://surroundaustralia.github.io/topo-feature/build/annotated/geo/topo/features/topo-feature-multi-collection/schema.yaml
/_anyOf/1/metadata		https://surroundaustralia.github.io/topo-feature/build/annotated/geo/topo/features/topo-feature-multi-collection/schema.yaml
/_anyOf/1/points	https://purl.org/geojson/topo#points	https://surroundaustralia.github.io/topo-feature/build/annotated/geo/topo/features/topo-feature-multi-collection/schema.yaml
/_anyOf/1/points/_oneOf/0/geometry		https://surroundaustralia.github.io/topo-feature/build/annotated/geo/topo/features/topo-feature-multi-collection/schema.yaml
/_anyOf/1/points/_oneOf/0/geometry/type		https://surroundaustralia.github.io/topo-feature/build/annotated/geo/topo/features/topo-feature-multi-collection/schema.yaml
/_anyOf/1/points/_oneOf/0/geometry/coordinates		https://surroundaustralia.github.io/topo-feature/build/annotated/geo/topo/features/topo-feature-multi-collection/schema.yaml
/_anyOf/1/points/_oneOf/1/_anyOf/0/type	@type	https://opengeospatial.github.io/bblocks/annotated-schemas/geo/json-fg/featureCollection/schema.yaml
/_anyOf/1/points/_oneOf/1/_anyOf/0/features	https://purl.org/geojson/vocab#features	https://opengeospatial.github.io/bblocks/annotated-schemas/geo/json-fg/featureCollection/schema.yaml
/_anyOf/1/points/_oneOf/1/_anyOf/0/features/type		https://geojson.org/schema/FeatureCollection.json
/_anyOf/1/points/_oneOf/1/_anyOf/0/features/id		https://geojson.org/schema/FeatureCollection.json
/_anyOf/1/points/_oneOf/1/_anyOf/0/features/properties		https://geojson.org/schema/FeatureCollection.json
/_anyOf/1/points/_oneOf/1/_anyOf/0/features/geometry		https://geojson.org/schema/FeatureCollection.json
/_anyOf/1/points/_oneOf/1/_anyOf/0/features/geometry/_oneOf/1/type		https://geojson.org/schema/FeatureCollection.json
/_anyOf/1/points/_oneOf/1/_anyOf/0/features/geometry/_oneOf/1/coordinates		https://geojson.org/schema/FeatureCollection.json
/_anyOf/1/points/_oneOf/1/_anyOf/0/features/geometry/_oneOf/1/bbox		https://geojson.org/schema/FeatureCollection.json
/_anyOf/1/points/_oneOf/1/_anyOf/0/features/geometry/_oneOf/2/type		https://geojson.org/schema/FeatureCollection.json
/_anyOf/1/points/_oneOf/1/_anyOf/0/features/geometry/_oneOf/2/coordinates		https://geojson.org/schema/FeatureCollection.json
/_anyOf/1/points/_oneOf/1/_anyOf/0/features/geometry/_oneOf/2/bbox		https://geojson.org/schema/FeatureCollection.json
/_anyOf/1/points/_oneOf/1/_anyOf/0/features/geometry/_oneOf/3/type		https://geojson.org/schema/FeatureCollection.json
/_anyOf/1/points/_oneOf/1/_anyOf/0/features/geometry/_oneOf/3/coordinates		https://geojson.org/schema/FeatureCollection.json
/_anyOf/1/points/_oneOf/1/_anyOf/0/features/geometry/_oneOf/3/bbox		https://geojson.org/schema/FeatureCollection.json
/_anyOf/1/points/_oneOf/1/_anyOf/0/features/geometry/_oneOf/4/type		https://geojson.org/schema/FeatureCollection.json
/_anyOf/1/points/_oneOf/1/_anyOf/0/features/geometry/_oneOf/4/coordinates		https://geojson.org/schema/FeatureCollection.json
/_anyOf/1/points/_oneOf/1/_anyOf/0/features/geometry/_oneOf/4/bbox		https://geojson.org/schema/FeatureCollection.json
/_anyOf/1/points/_oneOf/1/_anyOf/0/features/geometry/_oneOf/5/type		https://geojson.org/schema/FeatureCollection.json
/_anyOf/1/points/_oneOf/1/_anyOf/0/features/geometry/_oneOf/5/coordinates		https://geojson.org/schema/FeatureCollection.json
/_anyOf/1/points/_oneOf/1/_anyOf/0/features/geometry/_oneOf/5/bbox		https://geojson.org/schema/FeatureCollection.json
/_anyOf/1/points/_oneOf/1/_anyOf/0/features/geometry/_oneOf/6/type		https://geojson.org/schema/FeatureCollection.json
/_anyOf/1/points/_oneOf/1/_anyOf/0/features/geometry/_oneOf/6/coordinates		https://geojson.org/schema/FeatureCollection.json
/_anyOf/1/points/_oneOf/1/_anyOf/0/features/geometry/_oneOf/6/bbox		https://geojson.org/schema/FeatureCollection.json
/_anyOf/1/points/_oneOf/1/_anyOf/0/features/geometry/_oneOf/7/type		https://geojson.org/schema/FeatureCollection.json
/_anyOf/1/points/_oneOf/1/_anyOf/0/features/geometry/_oneOf/7/geometries		https://geojson.org/schema/FeatureCollection.json
/_anyOf/1/points/_oneOf/1/_anyOf/0/features/geometry/_oneOf/7/geometries/_oneOf/0/type		https://geojson.org/schema/FeatureCollection.json
/_anyOf/1/points/_oneOf/1/_anyOf/0/features/geometry/_oneOf/7/geometries/_oneOf/0/coordinates		https://geojson.org/schema/FeatureCollection.json
/_anyOf/1/points/_oneOf/1/_anyOf/0/features/geometry/_oneOf/7/geometries/_oneOf/0/bbox		https://geojson.org/schema/FeatureCollection.json
/_anyOf/1/points/_oneOf/1/_anyOf/0/features/geometry/_oneOf/7/geometries/_oneOf/1/type		https://geojson.org/schema/FeatureCollection.json
/_anyOf/1/points/_oneOf/1/_anyOf/0/features/geometry/_oneOf/7/geometries/_oneOf/1/coordinates		https://geojson.org/schema/FeatureCollection.json
/_anyOf/1/points/_oneOf/1/_anyOf/0/features/geometry/_oneOf/7/geometries/_oneOf/1/bbox		https://geojson.org/schema/FeatureCollection.json
/_anyOf/1/points/_oneOf/1/_anyOf/0/features/geometry/_oneOf/7/geometries/_oneOf/2/type		https://geojson.org/schema/FeatureCollection.json
/_anyOf/1/points/_oneOf/1/_anyOf/0/features/geometry/_oneOf/7/geometries/_oneOf/2/coordinates		https://geojson.org/schema/FeatureCollection.json
/_anyOf/1/points/_oneOf/1/_anyOf/0/features/geometry/_oneOf/7/geometries/_oneOf/2/bbox		https://geojson.org/schema/FeatureCollection.json
/_anyOf/1/points/_oneOf/1/_anyOf/0/features/geometry/_oneOf/7/geometries/_oneOf/3/type		https://geojson.org/schema/FeatureCollection.json
/_anyOf/1/points/_oneOf/1/_anyOf/0/features/geometry/_oneOf/7/geometries/_oneOf/3/coordinates		https://geojson.org/schema/FeatureCollection.json
/_anyOf/1/points/_oneOf/1/_anyOf/0/features/geometry/_oneOf/7/geometries/_oneOf/3/bbox		https://geojson.org/schema/FeatureCollection.json
/_anyOf/1/points/_oneOf/1/_anyOf/0/features/geometry/_oneOf/7/geometries/_oneOf/4/type		https://geojson.org/schema/FeatureCollection.json
/_anyOf/1/points/_oneOf/1/_anyOf/0/features/geometry/_oneOf/7/geometries/_oneOf/4/coordinates		https://geojson.org/schema/FeatureCollection.json
/_anyOf/1/points/_oneOf/1/_anyOf/0/features/geometry/_oneOf/7/geometries/_oneOf/4/bbox		https://geojson.org/schema/FeatureCollection.json
/_anyOf/1/points/_oneOf/1/_anyOf/0/features/geometry/_oneOf/7/geometries/_oneOf/5/type		https://geojson.org/schema/FeatureCollection.json
/_anyOf/1/points/_oneOf/1/_anyOf/0/features/geometry/_oneOf/7/geometries/_oneOf/5/coordinates		https://geojson.org/schema/FeatureCollection.json
/_anyOf/1/points/_oneOf/1/_anyOf/0/features/geometry/_oneOf/7/geometries/_oneOf/5/bbox		https://geojson.org/schema/FeatureCollection.json
/_anyOf/1/points/_oneOf/1/_anyOf/0/features/geometry/_oneOf/7/bbox		https://geojson.org/schema/FeatureCollection.json
/_anyOf/1/points/_oneOf/1/_anyOf/0/features/bbox		https://geojson.org/schema/FeatureCollection.json
/_anyOf/1/points/_oneOf/1/_anyOf/0/bbox		https://geojson.org/schema/FeatureCollection.json
/_anyOf/1/points/_oneOf/1/_anyOf/0/links	rdfs:seeAlso	https://opengeospatial.github.io/bblocks/annotated-schemas/geo/json-fg/featureCollection/schema.yaml
/_anyOf/1/points/_oneOf/1/_anyOf/0/timeStamp		https://opengeospatial.github.io/bblocks/annotated-schemas/geo/features/featureCollection/schema.yaml
/_anyOf/1/points/_oneOf/1/_anyOf/0/numberMatched		https://opengeospatial.github.io/bblocks/annotated-schemas/geo/features/featureCollection/schema.yaml
/_anyOf/1/points/_oneOf/1/_anyOf/0/numberReturned		https://opengeospatial.github.io/bblocks/annotated-schemas/geo/features/featureCollection/schema.yaml
/_anyOf/1/points/_oneOf/1/_anyOf/0/featureType	https://purl.org/geojson/vocab#collectionFeatureType	https://opengeospatial.github.io/bblocks/annotated-schemas/geo/json-fg/featureCollection/schema.yaml
/_anyOf/1/points/_oneOf/1/_anyOf/0/geometryDimension		https://opengeospatial.github.io/bblocks/annotated-schemas/geo/json-fg/featureCollection/schema.yaml
/_anyOf/1/points/_oneOf/1/_anyOf/0/coordRefSys		https://opengeospatial.github.io/bblocks/annotated-schemas/geo/json-fg/featureCollection/schema.yaml
/_anyOf/1/points/_oneOf/1/_anyOf/1/type	@type	https://opengeospatial.github.io/bblocks/annotated-schemas/geo/json-fg/featureCollection-lenient/schema.yaml
/_anyOf/1/points/_oneOf/1/_anyOf/1/featureType	https://purl.org/geojson/vocab#collectionFeatureType	https://opengeospatial.github.io/bblocks/annotated-schemas/geo/json-fg/featureCollection-lenient/schema.yaml
/_anyOf/1/points/_oneOf/1/_anyOf/1/geometryDimension		https://opengeospatial.github.io/bblocks/annotated-schemas/geo/json-fg/featureCollection-lenient/schema.yaml
/_anyOf/1/points/_oneOf/1/_anyOf/1/coordRefSys		https://opengeospatial.github.io/bblocks/annotated-schemas/geo/json-fg/featureCollection-lenient/schema.yaml
/_anyOf/1/points/_oneOf/1/_anyOf/1/links	rdfs:seeAlso	https://opengeospatial.github.io/bblocks/annotated-schemas/geo/json-fg/featureCollection-lenient/schema.yaml
/_anyOf/1/points/_oneOf/1/_anyOf/1/features	https://purl.org/geojson/vocab#features	https://opengeospatial.github.io/bblocks/annotated-schemas/geo/json-fg/featureCollection-lenient/schema.yaml
/_anyOf/1/points/_oneOf/1/features		https://surroundaustralia.github.io/topo-feature/build/annotated/geo/topo/features/topo-feature-multi-collection/schema.yaml
/_anyOf/1/edges	https://purl.org/geojson/topo#edges	https://surroundaustralia.github.io/topo-feature/build/annotated/geo/topo/features/topo-feature-multi-collection/schema.yaml
/_anyOf/1/edges/_oneOf/0/topology		https://surroundaustralia.github.io/topo-feature/build/annotated/geo/topo/features/topo-line/schema.yaml
/_anyOf/1/edges/_oneOf/0/topology/type		https://surroundaustralia.github.io/topo-feature/build/annotated/geo/topo/features/topo-line/schema.yaml
/_anyOf/1/edges/_oneOf/0/topology/references		https://surroundaustralia.github.io/topo-feature/build/annotated/geo/topo/features/topo-feature-multi-collection/schema.yaml
/_anyOf/1/edges/_oneOf/1/features		https://surroundaustralia.github.io/topo-feature/build/annotated/geo/topo/features/topo-feature-multi-collection/schema.yaml
/properties		/github/workspace/build/annotated/ladm/land-parcels/parcel/schema.yaml
/properties/appellation	https://w3id.org/ogc/ladm/parcels/appellation	/github/workspace/build/annotated/ladm/land-parcels/parcel/schema.yaml
/properties/appellation/label	http://www.w3.org/2000/01/rdf-schema#label	https://ogcincubator.github.io/bblocks-land-parcels/build/annotated/ladm/land-parcels/compoundName/schema.yaml
/properties/appellation/template		https://ogcincubator.github.io/bblocks-land-parcels/build/annotated/ladm/land-parcels/compoundName/schema.yaml
/properties/appellation/hasPart	http://purl.org/dc/terms/hasPart	https://ogcincubator.github.io/bblocks-land-parcels/build/annotated/ladm/land-parcels/compoundName/schema.yaml
/properties/appellation/hasPart/label	http://www.w3.org/2000/01/rdf-schema#label	https://ogcincubator.github.io/bblocks-land-parcels/build/annotated/ladm/land-parcels/compoundName/schema.yaml
/properties/appellation/hasPart/ref	https://w3id.org/ogc/utils/label/namePartRef	https://ogcincubator.github.io/bblocks-land-parcels/build/annotated/ladm/land-parcels/compoundName/schema.yaml
/properties/appellation/hasPart/type	https://w3id.org/ogc/utils/label/namePartType	https://ogcincubator.github.io/bblocks-land-parcels/build/annotated/ladm/land-parcels/compoundName/schema.yaml
/properties/parcelType	https://w3id.org/ogc/ladm/parcels/type	/github/workspace/build/annotated/ladm/land-parcels/parcel/schema.yaml
/properties/parcelState	https://w3id.org/ogc/ladm/parcels/state	/github/workspace/build/annotated/ladm/land-parcels/parcel/schema.yaml
/properties/address	https://schema.org/address	/github/workspace/build/annotated/ladm/land-parcels/parcel/schema.yaml
/properties/parcelPurpose	https://w3id.org/ogc/ladm/parcels/purpose	/github/workspace/build/annotated/ladm/land-parcels/parcel/schema.yaml
/properties/area	https://w3id.org/ogc/ladm/parcels/surfaceArea	/github/workspace/build/annotated/ladm/land-parcels/parcel/schema.yaml
/properties/floor	https://w3id.org/ogc/ladm/parcels/floor	/github/workspace/build/annotated/ladm/land-parcels/parcel/schema.yaml
/properties/zmin	https://w3id.org/ogc/ladm/parcels/zmin	/github/workspace/build/annotated/ladm/land-parcels/parcel/schema.yaml
/properties/zmax	https://w3id.org/ogc/ladm/parcels/zmax	/github/workspace/build/annotated/ladm/land-parcels/parcel/schema.yaml
/properties/interests	https://w3id.org/ogc/ladm/parcels/interest	/github/workspace/build/annotated/ladm/land-parcels/parcel/schema.yaml
/properties/interests/interestLink	https://w3id.org/ogc/ladm/parcels/interestLink	/github/workspace/build/annotated/ladm/land-parcels/parcel/schema.yaml
/properties/interests/interestName	https://w3id.org/ogc/ladm/parcels/interestName	/github/workspace/build/annotated/ladm/land-parcels/parcel/schema.yaml
/properties/interests/interestType	https://w3id.org/ogc/ladm/parcels/interestType	/github/workspace/build/annotated/ladm/land-parcels/parcel/schema.yaml
/properties/interests/dateInForce	https://w3id.org/ogc/ladm/parcels/interestDateInForce	/github/workspace/build/annotated/ladm/land-parcels/parcel/schema.yaml
/properties/interests/dateExpires	https://w3id.org/ogc/ladm/parcels/interestDateExpires	/github/workspace/build/annotated/ladm/land-parcels/parcel/schema.yaml
/properties/interests/statuteLink	https://w3id.org/ogc/ladm/parcels/statuteLink	/github/workspace/build/annotated/ladm/land-parcels/parcel/schema.yaml
/properties/interests/statuteName	https://w3id.org/ogc/ladm/parcels/statuteName	/github/workspace/build/annotated/ladm/land-parcels/parcel/schema.yaml
/properties/interests/benefitedPartyName	https://w3id.org/ogc/ladm/parcels/benefitedPartyName	/github/workspace/build/annotated/ladm/land-parcels/parcel/schema.yaml
/properties/interests/benefitedPartyLink	https://w3id.org/ogc/ladm/parcels/benefitedPartyLink	/github/workspace/build/annotated/ladm/land-parcels/parcel/schema.yaml
/properties/interests/originalSurveyLink	https://w3id.org/ogc/ladm/parcels/originalSurveyLink	/github/workspace/build/annotated/ladm/land-parcels/parcel/schema.yaml
/properties/interests/referencedParcel	https://w3id.org/ogc/ladm/parcels/referencedParcel	/github/workspace/build/annotated/ladm/land-parcels/parcel/schema.yaml
/properties/interests/burdenedParcels	https://w3id.org/ogc/ladm/parcels/burdened	/github/workspace/build/annotated/ladm/land-parcels/parcel/schema.yaml
/properties/interests/benefitedParcels	https://w3id.org/ogc/ladm/parcels/benefited	/github/workspace/build/annotated/ladm/land-parcels/parcel/schema.yaml
/properties/interests/description	https://w3id.org/ogc/ladm/parcels/interestDescription	/github/workspace/build/annotated/ladm/land-parcels/parcel/schema.yaml
/properties/interests/entitlementPortion	https://w3id.org/ogc/ladm/parcels/entitlementPortion	/github/workspace/build/annotated/ladm/land-parcels/parcel/schema.yaml
/properties/interests/liabilityPortion	https://w3id.org/ogc/ladm/parcels/liabilityPortion	/github/workspace/build/annotated/ladm/land-parcels/parcel/schema.yaml
